{"current":{"color_body_bg":"#fff","color_default":"#f7f7f7","color_headings":"#202020","color_body_text":"#515151","color_primary":"#202020","color_buy":"#00e20e","color_button_text":"#fff","color_secondary":"#176aa0","color_sale":"#e30000","color_nav_bg":"#ffffff","color_nav_text":"#202020","color_announcement_bg":"#202020","color_announcement_text":"#fff","color_drawer_bg":"#ffffff","color_drawer_default":"#f7f7f7","color_drawer_text":"#202020","color_drawer_primary":"#6b2fcf","color_drawer_buy":"#5600e3","color_drawer_button_text":"#fff","color_drawer_overlay":"#202020","color_drawer_overlay_opacity":65,"color_overlay":"#202020","color_transparent_nav_text":"#fff","opacity_overlay":50,"color_footer_bg":"#202020","color_footer_text":"#fff","color_footer_default":"#161616","color_footer_primary":"#5600e3","color_footer_button_text":"#fff","color_copyright_bg":"#161616","color_copyright_text":"#fff","header_family":"helvetica_n4","header_font_size":34,"header_font_size_big":60,"header_spacing":0,"header_transform":"initial","accent_family":"din_next_n7","accent_spacing":0.5,"accent_transform":"initial","button_uppercase":true,"base_family":"din_next_n4","base_font_size":18,"share_image":"","social_facebook_link":"https:\/\/www.facebook.com","social_twitter_link":"","social_pinterest_link":"","social_instagram_link":"https:\/\/www.instagram.com","social_snapchat_link":"","social_google_plus_link":"","social_tumblr_link":"","social_youtube_link":"","social_vimeo_link":"","social_fancy_link":"","share_facebook":true,"share_twitter":true,"share_pinterest":true,"favicon":"shopify:\/\/shop_images\/Favicon.png","cart_top_button":true,"cart_notes_enable":false,"cart_spacer":true,"enable_payment_button":false,"cart_type":"drawer","cart_icon":"cart","browsing_button_style":"btn--primary","checkout_icon":"lock","search_enabled":true,"search_product":true,"search_button_style":"btn--primary","review_section_style":"default-section","review_widget":"review_widget_above","review_badge":"review_badge_under","review_badge_grid":"review_badge_under","sticky_header":true,"hero_header":true,"show_announcement":true,"show_announcement_home":false,"hide_announcement_mobile":false,"announcement_text":"⚡ ENVÍOS GRATIS A TODO CHILE 🚚","announcement_link":"","announcement_size":"small","grid_product_vendor":false,"color_product":false,"sale_type":"amount","tag_placement":"top-left","tag_text":true,"show_currency_selector":true,"auto_currency_selector":true,"position_currency_converter":"announcement","show_author":true,"show_date":true,"show_hero":true,"parallax_enabled":true,"section_height":"small","section_height_mobile":"xsmall","border_radius":3,"border_width":"1","show_top_button":true,"top_button_mobile":true,"top_button_position":"center","show_breadcrumbs":true,"transition_hover_enabled":true,"image_effect":true,"browsing_link":"shopify:\/\/collections\/all","buy_now_text":"","more_payment_text":"","zindex_drawer":"999999999","dbtfy_addtocart_animation":true,"dbtfy_addtocart_animation_type":"shake","dbtfy_addtocart_animation_speed":"","dbtfy_addtocart_animation_interval":6,"dbtfy_chat_box":false,"dbtfy_chat_box_mobile":false,"dbtfy_chat_box_new":true,"dbtfy_chat_box_image":"","dbtfy_chat_box_link":"","dbtfy_chat_box_position":"left","dbtfy_chat_box_animation":"bounceInLeft","dbtfy_chat_box_height":59,"dbtfy_cookie_box":false,"dbtfy_cookie_box_text":"<p><strong>Do you like cookies?<\/strong> 🍪 We use cookies to ensure you get the best experience on our website.<\/p>","dbtfy_cookie_box_button_label":"I agree","dbtfy_cookie_box_button_style":"btn--primary","dbtfy_delivery_time":false,"dbtfy_delivery_time_icon":"shipping-fast","dbtfy_delivery_time_prefix":"Get it between","dbtfy_delivery_time_separator":"-","dbtfy_delivery_time_suffix":"","dbtfy_delivery_time_from":7,"dbtfy_delivery_time_to":14,"dbtfy_discount_saved":false,"dbtfy_inventory_quantity_prefix":"Apresurate! Solo hay","dbtfy_inventory_quantity_suffix":"en stock","dbtfy_inventory_quantity_min":4,"dbtfy_inventory_quantity_max":8,"dbtfy_live_view":true,"dbtfy_live_view_prefix":"","dbtfy_live_view_people":"persona","dbtfy_live_view_suffix":"están viendo este producto","dbtfy_live_view_icon":"eye","dbtfy_live_view_min":2,"dbtfy_live_view_max":14,"dbtfy_live_view_interval":3,"dbtfy_floating_bar_text":"Obtén 20% dscto","dbtfy_newsletter_popup_title":"No te vayas aun!","dbtfy_newsletter_popup_text":"<p>Ten un 10% de descuento al suscribirte a nuestro magnifico Newsletter.<\/p>","dbtfy_newsletter_popup_close":"No gracias!","dbtfy_newsletter_popup_title_success":"Gracias!","dbtfy_newsletter_popup_text_success":"<p>Has click y automaticamente obten un 10% de descuento<\/p>","dbtfy_newsletter_popup_apply":"Aplicar cupon de descuento","dbtfy_newsletter_popup_coupon":"miporque","dbtfy_sales_countdown":true,"dbtfy_sales_countdown_prefix":"La oferta termina en","dbtfy_sales_pop":true,"dbtfy_sales_pop_mobile":false,"dbtfy_sales_pop_collection":"","dbtfy_sales_pop_timeago":30,"dbtfy_sales_pop_display":4,"dbtfy_sales_pop_interval":6,"dbtfy_sales_pop_name":"Matias,Felipe,Monica,Patricia,Catalina,Ricardo,Lucia,Ivan,Jaime,Patricio,Lucio,Ximena,Julia,Ivana,Beatriz,Jaime,Javier,Jimena,claudia,ronaldo,johanna,nicolas,franco,karime,benjamin,jorge,christian,jesus,leidy,rossana,melissa,daniel,valentina,sebastian,maileth,gonzalo,raul,alejandra,sarah,francisca,romina,yasna,rolando,jose,felipe,isaac,gabriela,","dbtfy_sales_pop_city":"Santiago,Rancagua,Punta arenas,Iquique,Puerto montt,Tocopilla, Tongoy,la serena,viña del mar,San fernando,Valdivia, Isla pascua,arica, coyhaique,puerto natales,puerto varas,punta arenas,curico, algarrobo,los andes, chillan,concepcion,frutillar,villarrica","dbtfy_sales_pop_purchase":"ha comprado","dbtfy_sales_pop_prefix":"hace","dbtfy_sales_pop_suffix":"atras","dbtfy_sales_pop_icony":"check-circle","dbtfy_sales_pop_minute":"minuto","dbtfy_sales_pop_minutes":"minutos","dbtfy_sales_pop_hour":"hora","dbtfy_sales_pop_hours":"horas","dbtfy_sales_pop_day":"dia","dbtfy_sales_pop_days":"dias","dbtfy_sticky_addtocart":true,"dbtfy_sticky_addtocart_reviews":true,"dbtfy_sticky_addtocart_animation":true,"dbtfy_sticky_addtocart_inventory":true,"dbtfy_sticky_addtocart_countdown":true,"dbtfy_trust_badge":true,"dbtfy_trust_badge_cart":true,"dbtfy_trust_badge_background":false,"dbtfy_trust_badge_text_small":false,"dbtfy_trust_badge_image":"shopify:\/\/shop_images\/IMG_8538_600x_2x_88f56141-9f37-4ba1-8b76-3da328320376.jpg","dbtfy_trust_badge_text":"","dbtfy_trust_badge_width":"600","checkout_header_image":"","checkout_logo_image":"shopify:\/\/shop_images\/MEDIOSDEPAGO.png","checkout_logo_position":"center","checkout_logo_size":"large","checkout_body_background_image":"","checkout_body_background_color":"#fff","checkout_input_background_color_mode":"white","checkout_sidebar_background_image":"","checkout_sidebar_background_color":"#f7f7f7","checkout_heading_font":"-apple-system, BlinkMacSystemFont, 'Segoe UI', Roboto, Helvetica, Arial, sans-serif, 'Apple Color Emoji', 'Segoe UI Emoji', 'Segoe UI Symbol'","checkout_body_font":"-apple-system, BlinkMacSystemFont, 'Segoe UI', Roboto, Helvetica, Arial, sans-serif, 'Apple Color Emoji', 'Segoe UI Emoji', 'Segoe UI Symbol'","checkout_accent_color":"#5600e3","checkout_button_color":"#5600e3","checkout_error_color":"#ed5358","currency_custom":false,"currency_symbol":true,"currency_transparent":false,"announcement_position":"above","dbtfy_instagram_feed":false,"dbtfy_instagram_feed_background_section":true,"dbtfy_instagram_feed_full_width":false,"dbtfy_instagram_hide_home":false,"dbtfy_instagram_feed_icon":true,"dbtfy_instagram_feed_access_token":"","dbtfy_instagram_feed_title":"","dbtfy_instagram_feed_subtitle":"","dbtfy_instagram_feed_position":"under","dbtfy_instagram_feed_resolution":"low_resolution","dbtfy_instagram_feed_rows":"1","dbtfy_instagram_feed_desktop_grid":"6","dbtfy_instagram_feed_mobile_grid":"3","dbtfy_sales_pop_separator":"-","dbtfy_sales_pop_icon":"clock","dbtfy_sales_pop_speed":"fast","sections":{"drawer-menu":{"type":"drawer-menu","settings":{"drawer_link_toggle":true,"show_social_medias":true,"drawer_top_link_list":"main-menu","drawer_bottom_link_list":"footer"}},"header":{"type":"header","settings":{"default_logo":"shopify:\/\/shop_images\/LOGOBLACK.png","inverted_logo":"shopify:\/\/shop_images\/LOGOWHITE.png","height_logo":30,"navigation_type":"center","navigation_wrapper":"fluid","main_menu_link_list":"main-menu","height_logo_mobile":30}},"hero":{"type":"hero","settings":{"section_height":"xlarge","section_height_mobile":"xlarge","autoplay":true,"dots":true,"arrows":false,"autoplayspeed":5}},"guarantee":{"type":"guarantee","blocks":{"1561091496626":{"type":"text","settings":{"icon":"trophy","title":"Servicio al cliente","text":"<p>Estaremos<strong> siempre atentos<\/strong> a tus dudas y consultas.<\/p>","button_style":"btn--primary","button_label":""}},"1561094726190":{"type":"text","settings":{"icon":"truck","title":"Envíos Gratis","text":"<p><strong>Envíos Gratis<\/strong> a todo Chile sin importar donde estés.<\/p>","button_style":"btn--primary","button_label":""}},"1561094728717":{"type":"text","settings":{"icon":"rocket","title":"Pagos Seguros","text":"<p>Compra de <strong>forma segura <\/strong>y rápida incluso hasta con tu Cuenta Rut.<\/p>","button_style":"btn--primary","button_label":""}}},"block_order":["1561091496626","1561094726190","1561094728717"],"settings":{"section_style":"bg-section","icon_size":"fa-2x"}},"footer":{"type":"footer","blocks":{"1567916034743":{"type":"text","settings":{"image":"shopify:\/\/shop_images\/Nuevo_proyecto_84.png","height_logo":64,"title":"Nosotros","email":"info@chilegalaxy.com","phone":"+562 2 7125904","text":"<p>Contáctanos y te responderemos lo mas pronto posible.<\/p>"}},"1567915289405":{"type":"link_list","settings":{"title":"Nuestro Servicio","footer_link_list":"footer"}},"c5c82cdc-3b08-4733-8bf0-0133e3adc250":{"type":"text","settings":{"height_logo":50,"title":"Horarios","email":"","phone":"","text":"<p>Lunes a Jueves : <strong>9:00<\/strong> a <strong>18:30<\/strong>  Hrs<\/p><p>Viernes y Sábado 9:00 a 14:00 Hrs<\/p><p>Servicio al cliente <\/p>"}},"491dcfab-7b37-44d1-ae1c-0a8a05913d6f":{"type":"text","settings":{"image":"shopify:\/\/shop_images\/correos-chile-logo_360x_2.png","height_logo":82,"title":"About Us","email":"","phone":"","text":"<p>Métodos de envío<\/p>"}}},"block_order":["1567916034743","1567915289405","c5c82cdc-3b08-4733-8bf0-0133e3adc250","491dcfab-7b37-44d1-ae1c-0a8a05913d6f"],"settings":{"show_payment_icons":true}},"product-template":{"type":"product-template","settings":{"image_layout":"thumbnail","product_photo_alignement":"left","enable_zoom":true,"product_vendor":false,"product_title_size":true,"product_header_alignement":"","product_selector":"radio","quantity_enabled":true,"button_cart_icon":true,"enable_payment_button":false,"show_description":true,"social_sharing_products":false,"show_product_tags":false,"dbtfy_product_tabs_first":true}},"product-recommendations":{"type":"product-recommendations","settings":{"show_product_recommendations":false,"title":"You may also like","subtitle":"Customers who bought this item also bought","section_style":"bg-section","rows":"2","desktop_grid":"3","mobile_grid":"1","slider_related_products":true,"autoplay":true,"dots":true,"arrows":true,"autoplayspeed":5}},"related-product":{"type":"related-product","settings":{"show_related_products":false,"related_collection":false,"same_vendor":false,"same_type":false,"never_empty":false,"title":"Quizás te interese","subtitle":"","section_style":"","rows":"2","desktop_grid":"4","mobile_grid":"2","slider_related_products":true,"autoplay":true,"dots":true,"arrows":true,"autoplayspeed":5}},"quotes":{"type":"quotes","settings":{"title":"Testimonials","subtitle":"","section_style":"border-section","quote_width":"70","quote_auto":true,"quote_dots":false,"quote_arrows":false,"quote_auto_speed":3}},"collection-template":{"type":"collection-template","settings":{"collection_tags_enable":true,"collection_sort_enable":true,"show_label":true,"tag_selector":"button","rows":"2","desktop_grid":"4","mobile_grid":"2"}},"list-collections-template":{"type":"list-collections-template","settings":{"display_type":"all","sort":"alphabetical","section_height":"medium"}},"blog-template":{"type":"blog-template","settings":{"show_rss":true,"rows":"2","grid":"3","show_image":true,"show_tags":true,"word_count":22}},"article-template":{"type":"article-template","settings":{"social_sharing_blog":true,"show_tags":true}},"1561093174743":{"type":"featured-content","settings":{"title":"E  V  O  L  U  C  I  O  N  A  N  D  O","text":"<p>Porque tú eres la prioridad, hemos agregado un nuevo método de pago y es la de <strong>Banco Estado &quot;Cuenta Rut&quot; para Chile. <\/strong><\/p><p><strong>¡Aprovéchalo! Adquiere tus productos de otra galaxia más fácil!<\/strong><\/p>","section_style":"bg-section","text_size":"large","text_alignment":"text-center","button_style":"btn--primary","button_label":""}},"1568302117992":{"type":"featured-products","settings":{"title":"Nuevos Lanzamientos","subtitle":"","section_style":"","home_featured_products":"frontpage","rows":"2","desktop_grid":"4","mobile_grid":"2","show_view_all":false,"button_style":"btn-outline-primary","slider_related_products":true,"autoplay":true,"dots":true,"arrows":true,"autoplayspeed":3}},"dbtfy-quantity-breaks":{"type":"dbtfy-quantity-breaks","blocks":{"3a8a993b-231f-4714-9132-851b996cfe59":{"type":"discount","settings":{"dbtfy_quantity_breaks_range":2,"dbtfy_quantity_breaks_code":"2productos","dbtfy_quantity_breaks_discount":"5","additional_text":""}},"852e5fd0-27bb-40ef-98da-6a9f185644b7":{"type":"discount","settings":{"dbtfy_quantity_breaks_range":3,"dbtfy_quantity_breaks_code":"3productos","dbtfy_quantity_breaks_discount":"10","additional_text":""}},"b30563c6-ea28-48fc-bc53-ccebff770428":{"type":"discount","settings":{"dbtfy_quantity_breaks_range":4,"dbtfy_quantity_breaks_code":"4productos","dbtfy_quantity_breaks_discount":"15","additional_text":""}}},"block_order":["3a8a993b-231f-4714-9132-851b996cfe59","852e5fd0-27bb-40ef-98da-6a9f185644b7","b30563c6-ea28-48fc-bc53-ccebff770428"],"settings":{"dbtfy_quantity_breaks":true,"dbtfy_quantity_label":"Cantidad","dbtfy_quantity_breaks_text":"","dbtfy_quantity_breaks_buy":"Compra","additional_text":"","separator_text":"-","dbtfy_quantity_breaks_saved_money":"Te estas ahorrando","dbtfy_quantity_breaks_saved_money_text_after_percentage":"Descuento","dbtfy_quantity_breaks_coupon_code_text_before":"Cupón de descuento","dbtfy_quantity_breaks_coupon_code_text_after":"aplicar al carrito","dbtfy_quantity_breaks_more_discount_text_before":"Agregar","dbtfy_quantity_breaks_more_discount_text_after":"artículo más para desbloquear","dbtfy_quantity_breaks_more_discount_text_after_percentage":"Descuento","dbtfy_quantity_breaks_highest_discount_text":"¡Se aplica el mayor descuento!"}},"dbtfy-upsell-popup":{"type":"dbtfy-upsell-popup","blocks":{"27a2eb37-35db-4ee8-88f6-217ddc12408e":{"type":"upsell","settings":{"dbtfy_upsell_popup_redirect":false,"dbtfy_upsell_popup_title":"Get 20% OFF!","dbtfy_upsell_popup_text":"<p>Add this product to your cart and get 20% OFF your entire order.<\/p>","dbtfy_upsell_popup_product_trigger":"","dbtfy_upsell_popup_product_offer":"","button_label":"Claim offer!","dbtfy_upsell_popup_icon":"gift","dbtfy_upsell_popup_coupon":""}}},"block_order":["27a2eb37-35db-4ee8-88f6-217ddc12408e"],"settings":{"dbtfy_upsell_popup_width":"600","dbtfy_upsell_popup_description":"See product details","dbtfy_upsell_popup_cart":"No thanks","dbtfy_upsell_popup_checkout":"Go to checkout →","dbtfy_upsell_popup_animation":"fadeIn","text_alignment":"text-center","dbtfy_upsell_popup_range":75}},"1568145568761":{"type":"hero","blocks":{"1568145586211":{"type":"slide","settings":{"image":"shopify:\/\/shop_images\/HEADER1.jpg","image_position":"center center","overlay":true,"title":"La Vida Es Una Aventura, ATRÉVETE!","text":"<p><em>No dejes que el miedo se interponga en tu camino<\/em><\/p>","text_alignment":"text-center","button_label":"Comprar Ahora","button_link":"shopify:\/\/collections\/all","button_style":""}},"3571df15-6ec7-44dd-9adf-a3cf0e6886cb":{"type":"slide","settings":{"image":"shopify:\/\/shop_images\/HEADER2.jpg","image_position":"center center","overlay":true,"title":"Productos de Otra Galaxia","text":"<p><em>Exclusivo en  Galaxya Chile<\/em><\/p>","text_alignment":"text-center","button_label":"Comenzar Viaje","button_link":"shopify:\/\/collections\/all","button_style":""}}},"block_order":["1568145586211","3571df15-6ec7-44dd-9adf-a3cf0e6886cb"],"settings":{"section_height":"xlarge","section_height_mobile":"xlarge","autoplay":false,"dots":true,"arrows":true,"autoplayspeed":5}},"1616366044d5665c77":{"type":"featured-columns","blocks":{"1616366044d5665c77-2":{"type":"text_block","settings":{"image":"shopify:\/\/shop_images\/image-12.jpg","title":"","text":"","button_style":"btn--primary","button_label":""}},"05b8c7e8-a9dd-4892-918a-effe6baf579f":{"type":"text_block","settings":{"image":"shopify:\/\/shop_images\/image-13.jpg","title":"","text":"","button_style":"btn--primary","button_label":""}}},"block_order":["1616366044d5665c77-2","05b8c7e8-a9dd-4892-918a-effe6baf579f"],"settings":{"title":"","subtitle":"","section_style":"","text_align":""}},"16163704150c8106e9":{"type":"logo-list","blocks":{"16163704150c8106e9-0":{"type":"logo","settings":{"image":"shopify:\/\/shop_images\/unnamed_2_300x300_887587f5-1adf-4643-9d02-8af554a05e23.jpg"}},"16163704150c8106e9-3":{"type":"logo","settings":{"image":"shopify:\/\/shop_images\/LOGOCHILEXPRESS_300x300_62a5bff9-9979-44a9-b356-8316a8b517dd.png"}},"16163704150c8106e9-1":{"type":"logo","settings":{"image":"shopify:\/\/shop_images\/linio_300x300_a26199f2-6883-4081-89f3-32dea2cf4ca0.png"}},"16163704150c8106e9-2":{"type":"logo","settings":{"image":"shopify:\/\/shop_images\/homy_300x300_dc52c83f-b910-4219-bc4a-9fec9f8d0331.jpg"}}},"block_order":["16163704150c8106e9-0","16163704150c8106e9-3","16163704150c8106e9-1","16163704150c8106e9-2"],"settings":{"title":"Partners","subtitle":"","section_style":"","logo_width":"150px"}},"dbtfy-upsell-bundles":{"type":"dbtfy-upsell-bundles","blocks":{"0333240c-a38c-49aa-bfe2-9ead8f85de07":{"type":"bundle","settings":{"dbtfy_upsell_bundles_product_trigger":"bota-1","dbtfy_upsell_bundles_product_offer_1":"almohada-y-saco-de-dormir-para-ninos","dbtfy_upsell_bundles_product_offer_2":"auricularesconbluetooth9d"}},"84f38187-f7dd-40f9-835d-28c6a0bec849":{"type":"bundle","settings":{"dbtfy_upsell_bundles_product_trigger":"animal-relleno","dbtfy_upsell_bundles_product_offer_1":"airpods","dbtfy_upsell_bundles_product_offer_2":"blankeet"}},"54ac62e0-df7a-442f-bacc-e4765d7c57d3":{"type":"bundle","settings":{"dbtfy_upsell_bundles_product_trigger":"venus","dbtfy_upsell_bundles_product_offer_1":"bambers","dbtfy_upsell_bundles_product_offer_2":"assivo"}},"182b077e-d535-42b1-8529-638bcba2f1a7":{"type":"bundle","settings":{"dbtfy_upsell_bundles_product_trigger":"animal-relleno","dbtfy_upsell_bundles_product_offer_1":"almohada-y-saco-de-dormir-para-ninos","dbtfy_upsell_bundles_product_offer_2":"boomy"}},"c4ae55d6-4450-4e1b-a35f-95c750caee58":{"type":"bundle","settings":{"dbtfy_upsell_bundles_product_trigger":"auricularesconbluetooth9d","dbtfy_upsell_bundles_product_offer_1":"adex","dbtfy_upsell_bundles_product_offer_2":"cuthair"}},"f1830e7b-ff76-4cb5-9a03-b36a481321a6":{"type":"bundle","settings":{"dbtfy_upsell_bundles_product_trigger":"jaguars","dbtfy_upsell_bundles_product_offer_1":"adex","dbtfy_upsell_bundles_product_offer_2":"removedor-de-callos-electrico"}},"0c9b3f78-daba-43de-bd38-a0f59acc7381":{"type":"bundle","settings":{"dbtfy_upsell_bundles_product_trigger":"bambers","dbtfy_upsell_bundles_product_offer_1":"banes","dbtfy_upsell_bundles_product_offer_2":"blankeet"}},"c527dcee-7622-40ac-a2dd-0a846c28bf06":{"type":"bundle","settings":{"dbtfy_upsell_bundles_product_trigger":"fashions","dbtfy_upsell_bundles_product_offer_1":"relojcuarzo","dbtfy_upsell_bundles_product_offer_2":"auricularesconbluetooth9d"}},"db662e56-0e2b-4414-9bde-c8c622775e4e":{"type":"bundle","settings":{"dbtfy_upsell_bundles_product_trigger":"relojcuarzo","dbtfy_upsell_bundles_product_offer_1":"cuthair","dbtfy_upsell_bundles_product_offer_2":"adex"}}},"block_order":["0333240c-a38c-49aa-bfe2-9ead8f85de07","84f38187-f7dd-40f9-835d-28c6a0bec849","54ac62e0-df7a-442f-bacc-e4765d7c57d3","182b077e-d535-42b1-8529-638bcba2f1a7","c4ae55d6-4450-4e1b-a35f-95c750caee58","f1830e7b-ff76-4cb5-9a03-b36a481321a6","0c9b3f78-daba-43de-bd38-a0f59acc7381","c527dcee-7622-40ac-a2dd-0a846c28bf06","db662e56-0e2b-4414-9bde-c8c622775e4e"],"settings":{"dbtfy_upsell_bundles":true,"dbtfy_upsell_bundles_title":"Productos Estrella","dbtfy_upsell_bundles_subtitle":"","dbtfy_upsell_bundles_total":"Precio total:","dbtfy_upsell_bundles_icon":"cart-plus","dbtfy_upsell_bundles_cart":"Agregar productos seleccionados","dbtfy_upsell_bundles_current":"","dbtfy_upsell_bundles_redirect":false,"dbtfy_upsell_bundles_reviews":false,"dbtfy_upsell_bundles_limit":"2","dbtfy_upsell_bundles_position":"product"}},"dbtfy-pricing-table":{"type":"dbtfy-pricing-table","settings":{"dbtfy_pricing_table":false,"title":"Pricing table","subtitle":"","section_style":"","dbtfy_button_position":"middle"}},"1617152602c5ac36d1":{"type":"featured-image","settings":{"full_width":true,"image":"shopify:\/\/shop_images\/CAMARAESPIA.jpg","section_style":""}},"alireviews-widget-12528":{"type":"alireviews-widget-12528","settings":{}}},"content_for_index":["1568145568761","1561093174743","1568302117992","1616366044d5665c77","1617152602c5ac36d1","16163704150c8106e9"]}}